item,itemLabel,itemDescription,symptoms,symptomsLabel
http://www.wikidata.org/entity/Q21154070,3p- syndrome,Human disease,http://www.wikidata.org/entity/Q622427,petoze
http://www.wikidata.org/entity/Q1993146,Attention deficit hyperactivity disorder predominantly inattentive,neurodevelopmental condition,http://www.wikidata.org/entity/Q1640924,hyperfocus
http://www.wikidata.org/entity/Q1993146,Attention deficit hyperactivity disorder predominantly inattentive,neurodevelopmental condition,http://www.wikidata.org/entity/Q3316140,emotional dysregulation
http://www.wikidata.org/entity/Q1993146,Attention deficit hyperactivity disorder predominantly inattentive,neurodevelopmental condition,http://www.wikidata.org/entity/Q67135693,rejection sensitive dysphoria
http://www.wikidata.org/entity/Q1993146,Attention deficit hyperactivity disorder predominantly inattentive,neurodevelopmental condition,http://www.wikidata.org/entity/Q5419936,executive dysfunction
http://www.wikidata.org/entity/Q1993146,Attention deficit hyperactivity disorder predominantly inattentive,neurodevelopmental condition,http://www.wikidata.org/entity/Q6028924,daydream
http://www.wikidata.org/entity/Q174651,Bálint's syndrome,uncommon and incompletely understood triad of severe neuropsychological impairments,http://www.wikidata.org/entity/Q2074059,oculomotor apraxia
http://www.wikidata.org/entity/Q174651,Bálint's syndrome,uncommon and incompletely understood triad of severe neuropsychological impairments,http://www.wikidata.org/entity/Q2076329,optic ataxia
http://www.wikidata.org/entity/Q174651,Bálint's syndrome,uncommon and incompletely understood triad of severe neuropsychological impairments,http://www.wikidata.org/entity/Q2046811,simultanagnosia
http://www.wikidata.org/entity/Q5032577,Cannabinoid hyperemesis syndrome,Nausea and vomiting resulting from cannabis use,http://www.wikidata.org/entity/Q18968158,hyperemesis
http://www.wikidata.org/entity/Q55346059,Corticobasal syndrome,"Corticobasal syndrome (CBS) is a rare neurodegenerative disease characterized by multifaceted motor system dysfunctions and cognitive defects such as asymmetric rigidity, bradykinesia, limb apraxia, and visuospatial dysfunction",http://www.wikidata.org/entity/Q4059558,akinetic-rigid syndrome
http://www.wikidata.org/entity/Q55346059,Corticobasal syndrome,"Corticobasal syndrome (CBS) is a rare neurodegenerative disease characterized by multifaceted motor system dysfunctions and cognitive defects such as asymmetric rigidity, bradykinesia, limb apraxia, and visuospatial dysfunction",http://www.wikidata.org/entity/Q906492,dystonia
http://www.wikidata.org/entity/Q55346059,Corticobasal syndrome,"Corticobasal syndrome (CBS) is a rare neurodegenerative disease characterized by multifaceted motor system dysfunctions and cognitive defects such as asymmetric rigidity, bradykinesia, limb apraxia, and visuospatial dysfunction",http://www.wikidata.org/entity/Q143790,Alien hand syndrome
http://www.wikidata.org/entity/Q55346059,Corticobasal syndrome,"Corticobasal syndrome (CBS) is a rare neurodegenerative disease characterized by multifaceted motor system dysfunctions and cognitive defects such as asymmetric rigidity, bradykinesia, limb apraxia, and visuospatial dysfunction",http://www.wikidata.org/entity/Q116275,myoclonus
http://www.wikidata.org/entity/Q55346059,Corticobasal syndrome,"Corticobasal syndrome (CBS) is a rare neurodegenerative disease characterized by multifaceted motor system dysfunctions and cognitive defects such as asymmetric rigidity, bradykinesia, limb apraxia, and visuospatial dysfunction",http://www.wikidata.org/entity/Q2836,aphasia
http://www.wikidata.org/entity/Q55346059,Corticobasal syndrome,"Corticobasal syndrome (CBS) is a rare neurodegenerative disease characterized by multifaceted motor system dysfunctions and cognitive defects such as asymmetric rigidity, bradykinesia, limb apraxia, and visuospatial dysfunction",http://www.wikidata.org/entity/Q109673442,limb apraxia
http://www.wikidata.org/entity/Q55346059,Corticobasal syndrome,"Corticobasal syndrome (CBS) is a rare neurodegenerative disease characterized by multifaceted motor system dysfunctions and cognitive defects such as asymmetric rigidity, bradykinesia, limb apraxia, and visuospatial dysfunction",http://www.wikidata.org/entity/Q1282114,speech disorder
http://www.wikidata.org/entity/Q55346059,Corticobasal syndrome,"Corticobasal syndrome (CBS) is a rare neurodegenerative disease characterized by multifaceted motor system dysfunctions and cognitive defects such as asymmetric rigidity, bradykinesia, limb apraxia, and visuospatial dysfunction",http://www.wikidata.org/entity/Q742672,dyscalculia
http://www.wikidata.org/entity/Q55346059,Corticobasal syndrome,"Corticobasal syndrome (CBS) is a rare neurodegenerative disease characterized by multifaceted motor system dysfunctions and cognitive defects such as asymmetric rigidity, bradykinesia, limb apraxia, and visuospatial dysfunction",http://www.wikidata.org/entity/Q24863599,visuospatial deficit
http://www.wikidata.org/entity/Q49989,Creutzfeldt-Jakob disease,degenerative neurological disorder,http://www.wikidata.org/entity/Q83030,dementia
http://www.wikidata.org/entity/Q49989,Creutzfeldt-Jakob disease,degenerative neurological disorder,http://www.wikidata.org/entity/Q116275,myoclonus
http://www.wikidata.org/entity/Q574741,Dubowitz syndrome,genetic disorder,http://www.wikidata.org/entity/Q622427,petoze
http://www.wikidata.org/entity/Q3144201,Excessive daytime sleepiness,Symptom characterized by persistent sleepiness during daytime,http://www.wikidata.org/entity/Q1077823,somnolence
http://www.wikidata.org/entity/Q911160,Ganser syndrome,rare dissociative disorder previously classified as a factitious disorder,http://www.wikidata.org/entity/Q3591816,twilight state
http://www.wikidata.org/entity/Q383228,Gerstmann-Straussler-Scheinker syndrome,"prion disease characterized by adult onset of memory loss, dementia, ataxia, and pathologic deposition of amyloid-like plaques in the brain",http://www.wikidata.org/entity/Q213373,ataxia
http://www.wikidata.org/entity/Q383228,Gerstmann-Straussler-Scheinker syndrome,"prion disease characterized by adult onset of memory loss, dementia, ataxia, and pathologic deposition of amyloid-like plaques in the brain",http://www.wikidata.org/entity/Q83030,dementia
http://www.wikidata.org/entity/Q190564,Huntington's disease,"rare neurodegenerative disorder of the central nervous system characterized by unwanted choreatic movements, behavioral and psychiatric disturbances and dementia",http://www.wikidata.org/entity/Q1076421,choreatic disease
http://www.wikidata.org/entity/Q190564,Huntington's disease,"rare neurodegenerative disorder of the central nervous system characterized by unwanted choreatic movements, behavioral and psychiatric disturbances and dementia",http://www.wikidata.org/entity/Q3525894,personality changes
http://www.wikidata.org/entity/Q190564,Huntington's disease,"rare neurodegenerative disorder of the central nervous system characterized by unwanted choreatic movements, behavioral and psychiatric disturbances and dementia",http://www.wikidata.org/entity/Q718113,weight loss
http://www.wikidata.org/entity/Q190564,Huntington's disease,"rare neurodegenerative disorder of the central nervous system characterized by unwanted choreatic movements, behavioral and psychiatric disturbances and dementia",http://www.wikidata.org/entity/Q83030,dementia
http://www.wikidata.org/entity/Q622901,Korsakoff's syndrome,mental illness caused by a lack of thiamine in the brain,http://www.wikidata.org/entity/Q4483652,fixation amnesia
http://www.wikidata.org/entity/Q622901,Korsakoff's syndrome,mental illness caused by a lack of thiamine in the brain,http://www.wikidata.org/entity/Q1082351,confabulation
http://www.wikidata.org/entity/Q622901,Korsakoff's syndrome,mental illness caused by a lack of thiamine in the brain,http://www.wikidata.org/entity/Q1790393,cryptomnesia
http://www.wikidata.org/entity/Q622901,Korsakoff's syndrome,mental illness caused by a lack of thiamine in the brain,http://www.wikidata.org/entity/Q27924344,pseudoreminiscence
http://www.wikidata.org/entity/Q3508664,Lasthenie de Ferjol syndrome,,http://www.wikidata.org/entity/Q5445,anemia
http://www.wikidata.org/entity/Q1331905,Lewy body dementia,type of dementia,http://www.wikidata.org/entity/Q83030,dementia
http://www.wikidata.org/entity/Q1331905,Lewy body dementia,type of dementia,http://www.wikidata.org/entity/Q130741,hallucination
http://www.wikidata.org/entity/Q1331905,Lewy body dementia,type of dementia,http://www.wikidata.org/entity/Q1531991,parkinsonian syndrome
http://www.wikidata.org/entity/Q28024539,NGLY1-deficiency,Human disease,http://www.wikidata.org/entity/Q2841504,Alacrima
http://www.wikidata.org/entity/Q28024539,NGLY1-deficiency,Human disease,http://www.wikidata.org/entity/Q56565097,Impaired oropharyngeal swallow response
http://www.wikidata.org/entity/Q28024539,NGLY1-deficiency,Human disease,http://www.wikidata.org/entity/Q30150991,Decreased CSF albumin
http://www.wikidata.org/entity/Q28024539,NGLY1-deficiency,Human disease,http://www.wikidata.org/entity/Q1367706,osteopenia
http://www.wikidata.org/entity/Q28024539,NGLY1-deficiency,Human disease,http://www.wikidata.org/entity/Q56565058,abnormal sudomotor regulation
http://www.wikidata.org/entity/Q28024539,NGLY1-deficiency,Human disease,http://www.wikidata.org/entity/Q178436,constipation
http://www.wikidata.org/entity/Q28024539,NGLY1-deficiency,Human disease,http://www.wikidata.org/entity/Q56565037,Reduced brain glutamine level by MRS
http://www.wikidata.org/entity/Q28024539,NGLY1-deficiency,Human disease,http://www.wikidata.org/entity/Q2448873,elevated transaminases
http://www.wikidata.org/entity/Q28024539,NGLY1-deficiency,Human disease,http://www.wikidata.org/entity/Q6279182,seizure
http://www.wikidata.org/entity/Q28024539,NGLY1-deficiency,Human disease,http://www.wikidata.org/entity/Q3317827,disability affecting intellectual abilities
http://www.wikidata.org/entity/Q28024539,NGLY1-deficiency,Human disease,http://www.wikidata.org/entity/Q56565041,Reduced brain glutamate level by MRS
http://www.wikidata.org/entity/Q28024539,NGLY1-deficiency,Human disease,http://www.wikidata.org/entity/Q10295810,hypocholesterolemia
http://www.wikidata.org/entity/Q28024539,NGLY1-deficiency,Human disease,http://www.wikidata.org/entity/Q29643234,Multifocal epileptiform discharges
http://www.wikidata.org/entity/Q28024539,NGLY1-deficiency,Human disease,http://www.wikidata.org/entity/Q30151297,High myoinositol in brain by MRS
http://www.wikidata.org/entity/Q28024539,NGLY1-deficiency,Human disease,http://www.wikidata.org/entity/Q1753547,hypotonia
http://www.wikidata.org/entity/Q28024539,NGLY1-deficiency,Human disease,http://www.wikidata.org/entity/Q29647492,Delayed skeletal maturation
http://www.wikidata.org/entity/Q28024539,NGLY1-deficiency,Human disease,http://www.wikidata.org/entity/Q29643939,abnormality of retinal pigmentation
http://www.wikidata.org/entity/Q28024539,NGLY1-deficiency,Human disease,http://www.wikidata.org/entity/Q56565048,Reduced brain gamma-aminobutyric acid level by MRS
http://www.wikidata.org/entity/Q28024539,NGLY1-deficiency,Human disease,http://www.wikidata.org/entity/Q955454,coxa valga
http://www.wikidata.org/entity/Q28024539,NGLY1-deficiency,Human disease,http://www.wikidata.org/entity/Q1671598,intrauterine growth restriction
http://www.wikidata.org/entity/Q28024539,NGLY1-deficiency,Human disease,http://www.wikidata.org/entity/Q620918,lagophthalmos
http://www.wikidata.org/entity/Q28024539,NGLY1-deficiency,Human disease,http://www.wikidata.org/entity/Q1755487,neonatal jaundice
http://www.wikidata.org/entity/Q28024539,NGLY1-deficiency,Human disease,http://www.wikidata.org/entity/Q30150765,Reduced factor IX activity
http://www.wikidata.org/entity/Q28024539,NGLY1-deficiency,Human disease,http://www.wikidata.org/entity/Q623289,dysphagia
http://www.wikidata.org/entity/Q28024539,NGLY1-deficiency,Human disease,http://www.wikidata.org/entity/Q1129121,splenomegaly
http://www.wikidata.org/entity/Q28024539,NGLY1-deficiency,Human disease,http://www.wikidata.org/entity/Q29643793,Elevated brain choline level by MRS
http://www.wikidata.org/entity/Q28024539,NGLY1-deficiency,Human disease,http://www.wikidata.org/entity/Q1282114,speech disorder
http://www.wikidata.org/entity/Q28024539,NGLY1-deficiency,Human disease,http://www.wikidata.org/entity/Q29019704,abnormal facial shape
http://www.wikidata.org/entity/Q28024539,NGLY1-deficiency,Human disease,http://www.wikidata.org/entity/Q174857,scoliosis
http://www.wikidata.org/entity/Q28024539,NGLY1-deficiency,Human disease,http://www.wikidata.org/entity/Q56564973,abnormal liver storage
http://www.wikidata.org/entity/Q28024539,NGLY1-deficiency,Human disease,http://www.wikidata.org/entity/Q30150966,Mixed demyelinating and axonal polyneuropathy
http://www.wikidata.org/entity/Q28024539,NGLY1-deficiency,Human disease,http://www.wikidata.org/entity/Q2608695,movement disorders
http://www.wikidata.org/entity/Q28024539,NGLY1-deficiency,Human disease,http://www.wikidata.org/entity/Q29643776,Abnormal metabolic brain imaging by MRS
http://www.wikidata.org/entity/Q28024539,NGLY1-deficiency,Human disease,http://www.wikidata.org/entity/Q769595,meibomian cyst
http://www.wikidata.org/entity/Q28024539,NGLY1-deficiency,Human disease,http://www.wikidata.org/entity/Q29019841,Abnormal auditory evoked potentials
http://www.wikidata.org/entity/Q28024539,NGLY1-deficiency,Human disease,http://www.wikidata.org/entity/Q29647501,joint hypermobility
http://www.wikidata.org/entity/Q28024539,NGLY1-deficiency,Human disease,http://www.wikidata.org/entity/Q3629049,optic atrophy
http://www.wikidata.org/entity/Q28024539,NGLY1-deficiency,Human disease,http://www.wikidata.org/entity/Q56565032,Reduced brain N-acetyl aspartate level by MRS
http://www.wikidata.org/entity/Q28024539,NGLY1-deficiency,Human disease,http://www.wikidata.org/entity/Q29019857,Abnormal brain imaging
http://www.wikidata.org/entity/Q28024539,NGLY1-deficiency,Human disease,http://www.wikidata.org/entity/Q29643693,brain atrophy
http://www.wikidata.org/entity/Q28024539,NGLY1-deficiency,Human disease,http://www.wikidata.org/entity/Q56565094,Impaired oral bolus formation
http://www.wikidata.org/entity/Q28024539,NGLY1-deficiency,Human disease,http://www.wikidata.org/entity/Q29647375,Decreased resting energy expenditure
http://www.wikidata.org/entity/Q28024539,NGLY1-deficiency,Human disease,http://www.wikidata.org/entity/Q30150680,Reduced factor XI activity
http://www.wikidata.org/entity/Q28024539,NGLY1-deficiency,Human disease,http://www.wikidata.org/entity/Q2556242,exotropia
http://www.wikidata.org/entity/Q28024539,NGLY1-deficiency,Human disease,http://www.wikidata.org/entity/Q2074059,oculomotor apraxia
http://www.wikidata.org/entity/Q28024539,NGLY1-deficiency,Human disease,http://www.wikidata.org/entity/Q30151275,Decreased CSF total protein
http://www.wikidata.org/entity/Q28024539,NGLY1-deficiency,Human disease,http://www.wikidata.org/entity/Q6058862,fatty liver disease
http://www.wikidata.org/entity/Q28024539,NGLY1-deficiency,Human disease,http://www.wikidata.org/entity/Q11361883,involuntary movement
http://www.wikidata.org/entity/Q28024539,NGLY1-deficiency,Human disease,http://www.wikidata.org/entity/Q29642554,facial hypotonia
http://www.wikidata.org/entity/Q28024539,NGLY1-deficiency,Human disease,http://www.wikidata.org/entity/Q25312637,global developmental delay
http://www.wikidata.org/entity/Q28024539,NGLY1-deficiency,Human disease,http://www.wikidata.org/entity/Q30150846,Reduced prothrombin activity
http://www.wikidata.org/entity/Q28024539,NGLY1-deficiency,Human disease,http://www.wikidata.org/entity/Q2720759,esotropia
http://www.wikidata.org/entity/Q28024539,NGLY1-deficiency,Human disease,http://www.wikidata.org/entity/Q29643842,Decreased CSF biopterin level
http://www.wikidata.org/entity/Q28024539,NGLY1-deficiency,Human disease,http://www.wikidata.org/entity/Q179951,strabismus
http://www.wikidata.org/entity/Q28024539,NGLY1-deficiency,Human disease,http://www.wikidata.org/entity/Q470427,refractive error
http://www.wikidata.org/entity/Q28024539,NGLY1-deficiency,Human disease,http://www.wikidata.org/entity/Q29019700,short foot
http://www.wikidata.org/entity/Q28024539,NGLY1-deficiency,Human disease,http://www.wikidata.org/entity/Q56565070,Corneal scarring
http://www.wikidata.org/entity/Q28024539,NGLY1-deficiency,Human disease,http://www.wikidata.org/entity/Q1628473,corneal ulcer
http://www.wikidata.org/entity/Q28024539,NGLY1-deficiency,Human disease,http://www.wikidata.org/entity/Q56564983,Elevetated blood lactate
http://www.wikidata.org/entity/Q28024539,NGLY1-deficiency,Human disease,http://www.wikidata.org/entity/Q622427,petoze
http://www.wikidata.org/entity/Q28024539,NGLY1-deficiency,Human disease,http://www.wikidata.org/entity/Q29019794,electroencephalography abnormalities
http://www.wikidata.org/entity/Q28024539,NGLY1-deficiency,Human disease,http://www.wikidata.org/entity/Q431643,microcephaly
http://www.wikidata.org/entity/Q28024539,NGLY1-deficiency,Human disease,http://www.wikidata.org/entity/Q945238,peripheral neuropathy
http://www.wikidata.org/entity/Q28024539,NGLY1-deficiency,Human disease,http://www.wikidata.org/entity/Q29643060,functional motor deficit
http://www.wikidata.org/entity/Q28024539,NGLY1-deficiency,Human disease,http://www.wikidata.org/entity/Q1266519,corneal neovascularization
http://www.wikidata.org/entity/Q28024539,NGLY1-deficiency,Human disease,http://www.wikidata.org/entity/Q56565019,impaired daily living skills
http://www.wikidata.org/entity/Q28024539,NGLY1-deficiency,Human disease,http://www.wikidata.org/entity/Q209583,tachycardia
http://www.wikidata.org/entity/Q28024539,NGLY1-deficiency,Human disease,http://www.wikidata.org/entity/Q29019862,small hand
http://www.wikidata.org/entity/Q28024539,NGLY1-deficiency,Human disease,http://www.wikidata.org/entity/Q10295815,Hypofibrinogenemia
http://www.wikidata.org/entity/Q28024539,NGLY1-deficiency,Human disease,http://www.wikidata.org/entity/Q1419356,hyporeflexia
http://www.wikidata.org/entity/Q28024539,NGLY1-deficiency,Human disease,http://www.wikidata.org/entity/Q30150985,Decreased CSF/serum albumin ratio
http://www.wikidata.org/entity/Q28024539,NGLY1-deficiency,Human disease,http://www.wikidata.org/entity/Q1362864,hepatomegaly
http://www.wikidata.org/entity/Q28024539,NGLY1-deficiency,Human disease,http://www.wikidata.org/entity/Q2227392,sucking reflex
http://www.wikidata.org/entity/Q12859193,Nightmare disorder,sleep disorder,http://www.wikidata.org/entity/Q192692,nightmare
http://www.wikidata.org/entity/Q1462780,Paris syndrome,tourist experience of being overwhelmed by finally visiting Paris,http://www.wikidata.org/entity/Q4340209,mental depression
http://www.wikidata.org/entity/Q176671,Persistent genital arousal disorder,"unwanted, unprompted, persistent arousal of the female genitalia, without desire",http://www.wikidata.org/entity/Q215127,sexual arousal
http://www.wikidata.org/entity/Q1559250,Peters plus syndrome,"syndrome that is characterized by anterior chamber eye anomalies, short limbs with broad distal extremities, characteristic facial features, cleft lip/palate, and variable developmental delay/intellectual disability",http://www.wikidata.org/entity/Q3108583,anterior segment mesenchymal dysgenesis
http://www.wikidata.org/entity/Q875992,Phocomelia due to thalidomide,medical condition,http://www.wikidata.org/entity/Q773370,phocomelia
http://www.wikidata.org/entity/Q7313459,Renpenning syndrome,"intellectual disability that is characterized by small head size (microcephaly), long narrow face, short stature, small testes, and intellectual deficit which follows X-linked inheritance and presents most often in males",http://www.wikidata.org/entity/Q7502090,short stature
http://www.wikidata.org/entity/Q917357,Rett syndrome,genetic brain disorder,http://www.wikidata.org/entity/Q57859955,cognitive dysfunction
http://www.wikidata.org/entity/Q7389072,SCARF syndrome,medical condition,http://www.wikidata.org/entity/Q111693701,ambiguous genitalia
http://www.wikidata.org/entity/Q19703046,"Severe X-linked intellectual disability, Gustavson type",medical condition,http://www.wikidata.org/entity/Q431643,microcephaly
http://www.wikidata.org/entity/Q19703046,"Severe X-linked intellectual disability, Gustavson type",medical condition,http://www.wikidata.org/entity/Q16035842,hearing loss
http://www.wikidata.org/entity/Q19703046,"Severe X-linked intellectual disability, Gustavson type",medical condition,http://www.wikidata.org/entity/Q3629049,optic atrophy
http://www.wikidata.org/entity/Q19703046,"Severe X-linked intellectual disability, Gustavson type",medical condition,http://www.wikidata.org/entity/Q183560,intellectual disability
http://www.wikidata.org/entity/Q19703046,"Severe X-linked intellectual disability, Gustavson type",medical condition,http://www.wikidata.org/entity/Q41571,epilepsy
http://www.wikidata.org/entity/Q7545701,Smith–Fineman–Myers syndrome,medical condition,http://www.wikidata.org/entity/Q29642554,facial hypotonia
http://www.wikidata.org/entity/Q522163,Sydenham's chorea,"disorder characterized by rapid, uncoordinated jerking movements primarily affecting the face, hands and feet",http://www.wikidata.org/entity/Q1076421,choreatic disease
http://www.wikidata.org/entity/Q9390463,Temtamy preaxial brachydactyly syndrome,human disease,http://www.wikidata.org/entity/Q896643,brachydactyly
http://www.wikidata.org/entity/Q191779,Tourette syndrome,neurodevelopmental condition,http://www.wikidata.org/entity/Q738538,tic
http://www.wikidata.org/entity/Q24975353,Wiedemann-Steiner syndrome,hereditary disease,http://www.wikidata.org/entity/Q1497481,failure to thrive
http://www.wikidata.org/entity/Q24975353,Wiedemann-Steiner syndrome,hereditary disease,http://www.wikidata.org/entity/Q595010,hypertrichosis
http://www.wikidata.org/entity/Q558077,Williams-Beuren syndrome,neurodevelopmental disorder,http://www.wikidata.org/entity/Q16874615,supravalvular aortic stenosis
http://www.wikidata.org/entity/Q117121,Wilson disease,multisystem disease due to abnormal accumulation of copper,http://www.wikidata.org/entity/Q3525894,personality changes
http://www.wikidata.org/entity/Q117121,Wilson disease,multisystem disease due to abnormal accumulation of copper,http://www.wikidata.org/entity/Q4930124,blue nails
http://www.wikidata.org/entity/Q117121,Wilson disease,multisystem disease due to abnormal accumulation of copper,http://www.wikidata.org/entity/Q133244,jaundice
http://www.wikidata.org/entity/Q117121,Wilson disease,multisystem disease due to abnormal accumulation of copper,http://www.wikidata.org/entity/Q20706838,face of the giant panda sign
http://www.wikidata.org/entity/Q117121,Wilson disease,multisystem disease due to abnormal accumulation of copper,http://www.wikidata.org/entity/Q152234,edema
http://www.wikidata.org/entity/Q28065632,X-linked intellectual disability-cardiomegaly-congestive heart failure syndrome,Human disease,http://www.wikidata.org/entity/Q181754,heart failure
http://www.wikidata.org/entity/Q25381003,X-linked lissencephaly with abnormal genitalia,,http://www.wikidata.org/entity/Q111693701,ambiguous genitalia
http://www.wikidata.org/entity/Q25381003,X-linked lissencephaly with abnormal genitalia,,http://www.wikidata.org/entity/Q1544416,lissencephaly
http://www.wikidata.org/entity/Q8058422,Young-Simpson syndrome,Human disease,http://www.wikidata.org/entity/Q622427,petoze
http://www.wikidata.org/entity/Q199295,Zieve's syndrome,medical condition,http://www.wikidata.org/entity/Q183425,abdominal pain
http://www.wikidata.org/entity/Q199295,Zieve's syndrome,medical condition,http://www.wikidata.org/entity/Q68639544,hyperlipoproteinemia
http://www.wikidata.org/entity/Q199295,Zieve's syndrome,medical condition,http://www.wikidata.org/entity/Q133244,jaundice
http://www.wikidata.org/entity/Q199295,Zieve's syndrome,medical condition,http://www.wikidata.org/entity/Q1145668,hemolytic anemia
http://www.wikidata.org/entity/Q4668562,aboulomania,behavioural disorder,http://www.wikidata.org/entity/Q19357654,indecision
http://www.wikidata.org/entity/Q45462238,alcohol amnestic disorder,"alcoholic psychosis with a combination of polyneuritis with memory span, including striking loss of recent memory, disordered time appreciation and confabulations",http://www.wikidata.org/entity/Q4483652,fixation amnesia
http://www.wikidata.org/entity/Q45462238,alcohol amnestic disorder,"alcoholic psychosis with a combination of polyneuritis with memory span, including striking loss of recent memory, disordered time appreciation and confabulations",http://www.wikidata.org/entity/Q1082351,confabulation
http://www.wikidata.org/entity/Q45462238,alcohol amnestic disorder,"alcoholic psychosis with a combination of polyneuritis with memory span, including striking loss of recent memory, disordered time appreciation and confabulations",http://www.wikidata.org/entity/Q682208,polyneuritis
http://www.wikidata.org/entity/Q4062514,alcohol-induced psychotic disorder,organic psychotic states due mainly to excessive consumption of alcoholic beverages,http://www.wikidata.org/entity/Q130741,hallucination
http://www.wikidata.org/entity/Q558404,alcoholic liver disease,medical condition,http://www.wikidata.org/entity/Q133244,jaundice
http://www.wikidata.org/entity/Q558404,alcoholic liver disease,medical condition,http://www.wikidata.org/entity/Q186889,nausea
http://www.wikidata.org/entity/Q25377826,alternative psychosis,,http://www.wikidata.org/entity/Q5467536,Forced normalization
http://www.wikidata.org/entity/Q462833,amentia,"state of acute hallucinatory confusion, characterised by disordered level of consciousness",http://www.wikidata.org/entity/Q1895873,disorientation
http://www.wikidata.org/entity/Q462833,amentia,"state of acute hallucinatory confusion, characterised by disordered level of consciousness",http://www.wikidata.org/entity/Q130741,hallucination
http://www.wikidata.org/entity/Q462833,amentia,"state of acute hallucinatory confusion, characterised by disordered level of consciousness",http://www.wikidata.org/entity/Q189643,delusion
http://www.wikidata.org/entity/Q462833,amentia,"state of acute hallucinatory confusion, characterised by disordered level of consciousness",http://www.wikidata.org/entity/Q11072,amnesia
http://www.wikidata.org/entity/Q462833,amentia,"state of acute hallucinatory confusion, characterised by disordered level of consciousness",http://www.wikidata.org/entity/Q58184039,perplexity
http://www.wikidata.org/entity/Q11072,amnesia,"cognitive disorder where the memory is disturbed or lost and involves the loss of memories previously established, loss of the ability to create new memories, continuous high blood pressure and severe shock may also caused amnesia",http://www.wikidata.org/entity/Q989365,memory loss
http://www.wikidata.org/entity/Q118418,antisocial personality disorder,Personality disorder that involves a pervasive pattern of disregard for other people,http://www.wikidata.org/entity/Q734611,anti-social behaviour
http://www.wikidata.org/entity/Q118418,antisocial personality disorder,Personality disorder that involves a pervasive pattern of disregard for other people,http://www.wikidata.org/entity/Q29299,irritability
http://www.wikidata.org/entity/Q118418,antisocial personality disorder,Personality disorder that involves a pervasive pattern of disregard for other people,http://www.wikidata.org/entity/Q124490,violence
http://www.wikidata.org/entity/Q118418,antisocial personality disorder,Personality disorder that involves a pervasive pattern of disregard for other people,http://www.wikidata.org/entity/Q28813,fraud
http://www.wikidata.org/entity/Q118418,antisocial personality disorder,Personality disorder that involves a pervasive pattern of disregard for other people,http://www.wikidata.org/entity/Q1549918,impulsivity
http://www.wikidata.org/entity/Q154430,anxiety,"unpleasant complex combination of emotions that includes fear, apprehension and worry, and is often accompanied by physical sensations such as palpitations, nausea, chest pain and/or shortness of breath",http://www.wikidata.org/entity/Q209583,tachycardia
http://www.wikidata.org/entity/Q154430,anxiety,"unpleasant complex combination of emotions that includes fear, apprehension and worry, and is often accompanied by physical sensations such as palpitations, nausea, chest pain and/or shortness of breath",http://www.wikidata.org/entity/Q186889,nausea
http://www.wikidata.org/entity/Q154430,anxiety,"unpleasant complex combination of emotions that includes fear, apprehension and worry, and is often accompanied by physical sensations such as palpitations, nausea, chest pain and/or shortness of breath",http://www.wikidata.org/entity/Q127076,vomiting
http://www.wikidata.org/entity/Q154430,anxiety,"unpleasant complex combination of emotions that includes fear, apprehension and worry, and is often accompanied by physical sensations such as palpitations, nausea, chest pain and/or shortness of breath",http://www.wikidata.org/entity/Q10686316,vertigo
http://www.wikidata.org/entity/Q154430,anxiety,"unpleasant complex combination of emotions that includes fear, apprehension and worry, and is often accompanied by physical sensations such as palpitations, nausea, chest pain and/or shortness of breath",http://www.wikidata.org/entity/Q83177,depersonalization
http://www.wikidata.org/entity/Q154430,anxiety,"unpleasant complex combination of emotions that includes fear, apprehension and worry, and is often accompanied by physical sensations such as palpitations, nausea, chest pain and/or shortness of breath",http://www.wikidata.org/entity/Q1895873,disorientation
http://www.wikidata.org/entity/Q154430,anxiety,"unpleasant complex combination of emotions that includes fear, apprehension and worry, and is often accompanied by physical sensations such as palpitations, nausea, chest pain and/or shortness of breath",http://www.wikidata.org/entity/Q1199997,derealization
http://www.wikidata.org/entity/Q46545345,apathy-aboulia syndrome,"psychopathological syndrome, characterised by apathy and aboulia, occurring in schizophrenia or after a brain damage",http://www.wikidata.org/entity/Q609066,avolition
http://www.wikidata.org/entity/Q2836,aphasia,inability to use spoken language,http://www.wikidata.org/entity/Q671776,muteness
http://www.wikidata.org/entity/Q18553767,asymptomatic neurosyphilis,tertiary neurosyphilis that results in mild meningitis,http://www.wikidata.org/entity/Q48143,meningitis
http://www.wikidata.org/entity/Q387082,ataxia telangiectasia,"a rare, neurodegenerative, autosomal recessive human disease causing severe disability",http://www.wikidata.org/entity/Q7799616,thymic hypoplasia
http://www.wikidata.org/entity/Q181923,attention deficit hyperactivity disorder,range of neurodevelopmental conditions,http://www.wikidata.org/entity/Q67135693,rejection sensitive dysphoria
http://www.wikidata.org/entity/Q181923,attention deficit hyperactivity disorder,range of neurodevelopmental conditions,http://www.wikidata.org/entity/Q1549918,impulsivity
http://www.wikidata.org/entity/Q181923,attention deficit hyperactivity disorder,range of neurodevelopmental conditions,http://www.wikidata.org/entity/Q3316140,emotional dysregulation
http://www.wikidata.org/entity/Q181923,attention deficit hyperactivity disorder,range of neurodevelopmental conditions,http://www.wikidata.org/entity/Q5419936,executive dysfunction
http://www.wikidata.org/entity/Q181923,attention deficit hyperactivity disorder,range of neurodevelopmental conditions,http://www.wikidata.org/entity/Q1640924,hyperfocus
http://www.wikidata.org/entity/Q2657784,atypical depressive disorder,depression characterized by improved mood in response to positive events,http://www.wikidata.org/entity/Q107231,paralysis
http://www.wikidata.org/entity/Q2657784,atypical depressive disorder,depression characterized by improved mood in response to positive events,http://www.wikidata.org/entity/Q751641,hypersomnia
http://www.wikidata.org/entity/Q38404,autism,neurodevelopmental condition,http://www.wikidata.org/entity/Q666985,sincerity
http://www.wikidata.org/entity/Q38404,autism,neurodevelopmental condition,http://www.wikidata.org/entity/Q15780353,stimming
http://www.wikidata.org/entity/Q38404,autism,neurodevelopmental condition,http://www.wikidata.org/entity/Q1640924,hyperfocus
http://www.wikidata.org/entity/Q38404,autism,neurodevelopmental condition,http://www.wikidata.org/entity/Q5419936,executive dysfunction
http://www.wikidata.org/entity/Q38404,autism,neurodevelopmental condition,http://www.wikidata.org/entity/Q67135649,autistic special interest
http://www.wikidata.org/entity/Q38404,autism,neurodevelopmental condition,http://www.wikidata.org/entity/Q937353,echolalia
http://www.wikidata.org/entity/Q38404,autism,neurodevelopmental condition,http://www.wikidata.org/entity/Q72423832,autistic meltdown
http://www.wikidata.org/entity/Q38404,autism,neurodevelopmental condition,http://www.wikidata.org/entity/Q1097541,toe walking
http://www.wikidata.org/entity/Q38404,autism,neurodevelopmental condition,http://www.wikidata.org/entity/Q3540887,sensory processing disorder
http://www.wikidata.org/entity/Q38404,autism,neurodevelopmental condition,http://www.wikidata.org/entity/Q4353073,social communication disorder
http://www.wikidata.org/entity/Q21097765,"autosomal dominant cerebellar ataxia, deafness and narcolepsy",Human disease,http://www.wikidata.org/entity/Q12133,deafness
http://www.wikidata.org/entity/Q21097765,"autosomal dominant cerebellar ataxia, deafness and narcolepsy",Human disease,http://www.wikidata.org/entity/Q189561,narcolepsy
http://www.wikidata.org/entity/Q4827032,autovampirism,"a form of vampirism that refers to drinking one's own blood, typically as a form of sexual gratification",http://www.wikidata.org/entity/Q622527,self-injury
http://www.wikidata.org/entity/Q509122,avoidant personality disorder,severe form of social anxiety,http://www.wikidata.org/entity/Q3592817,avoidance coping
http://www.wikidata.org/entity/Q209522,binge-eating disorder,"eating disorder characterized by frequent and recurrent binge eating episodes with associated negative psychological and social problems, but without subsequent purging episodes",http://www.wikidata.org/entity/Q2303219,binge eating
http://www.wikidata.org/entity/Q131755,bipolar disorder,human mental illness characterized by mood changes,http://www.wikidata.org/entity/Q267907,hypersexuality
http://www.wikidata.org/entity/Q131755,bipolar disorder,human mental illness characterized by mood changes,http://www.wikidata.org/entity/Q1869874,insomnia
http://www.wikidata.org/entity/Q131755,bipolar disorder,human mental illness characterized by mood changes,http://www.wikidata.org/entity/Q7933601,mood swing
http://www.wikidata.org/entity/Q131755,bipolar disorder,human mental illness characterized by mood changes,http://www.wikidata.org/entity/Q9690,fatigue
http://www.wikidata.org/entity/Q131755,bipolar disorder,human mental illness characterized by mood changes,http://www.wikidata.org/entity/Q4340209,mental depression
http://www.wikidata.org/entity/Q131755,bipolar disorder,human mental illness characterized by mood changes,http://www.wikidata.org/entity/Q394129,psychomotor agitation
http://www.wikidata.org/entity/Q131755,bipolar disorder,human mental illness characterized by mood changes,http://www.wikidata.org/entity/Q185935,mania
http://www.wikidata.org/entity/Q131755,bipolar disorder,human mental illness characterized by mood changes,http://www.wikidata.org/entity/Q130741,hallucination
http://www.wikidata.org/entity/Q131755,bipolar disorder,human mental illness characterized by mood changes,http://www.wikidata.org/entity/Q751641,hypersomnia
http://www.wikidata.org/entity/Q131755,bipolar disorder,human mental illness characterized by mood changes,http://www.wikidata.org/entity/Q545365,anhedonia
http://www.wikidata.org/entity/Q131755,bipolar disorder,human mental illness characterized by mood changes,http://www.wikidata.org/entity/Q189643,delusion
http://www.wikidata.org/entity/Q131755,bipolar disorder,human mental illness characterized by mood changes,http://www.wikidata.org/entity/Q188611,hypomania
http://www.wikidata.org/entity/Q131755,bipolar disorder,human mental illness characterized by mood changes,http://www.wikidata.org/entity/Q2836,aphasia
http://www.wikidata.org/entity/Q3961681,"blepharophimosis-intellectual disability syndrome, Ohdo type","syndrome that is characterized by blepharophimosis, ptosis, dental hypoplasia, hearing impairment and intellectual disability",http://www.wikidata.org/entity/Q622427,petoze
http://www.wikidata.org/entity/Q208166,borderline personality disorder,personality disorder characterized by variability of moods and unstable relationships,http://www.wikidata.org/entity/Q290620,dysphoria
http://www.wikidata.org/entity/Q208166,borderline personality disorder,personality disorder characterized by variability of moods and unstable relationships,http://www.wikidata.org/entity/Q1549918,impulsivity
http://www.wikidata.org/entity/Q208166,borderline personality disorder,personality disorder characterized by variability of moods and unstable relationships,http://www.wikidata.org/entity/Q1339094,regulation of emotion
http://www.wikidata.org/entity/Q208166,borderline personality disorder,personality disorder characterized by variability of moods and unstable relationships,http://www.wikidata.org/entity/Q79871,anger
http://www.wikidata.org/entity/Q208166,borderline personality disorder,personality disorder characterized by variability of moods and unstable relationships,http://www.wikidata.org/entity/Q622527,self-injury
http://www.wikidata.org/entity/Q55781699,branchioskeletogenital syndrome,human disease,http://www.wikidata.org/entity/Q622427,petoze
http://www.wikidata.org/entity/Q994942,bruxism,disorder that involves involuntarily grinding or clenching of the teeth,http://www.wikidata.org/entity/Q684868,dental attrition
http://www.wikidata.org/entity/Q180913,bulimia,eating disorder,http://www.wikidata.org/entity/Q127076,vomiting
http://www.wikidata.org/entity/Q1432717,catatonic schizophrenia,mental disorder,http://www.wikidata.org/entity/Q671776,muteness
http://www.wikidata.org/entity/Q1432717,catatonic schizophrenia,mental disorder,http://www.wikidata.org/entity/Q4419847,Pavlov's symptom
http://www.wikidata.org/entity/Q1432717,catatonic schizophrenia,mental disorder,http://www.wikidata.org/entity/Q460263,waxy flexibility
http://www.wikidata.org/entity/Q1432717,catatonic schizophrenia,mental disorder,http://www.wikidata.org/entity/Q4419854,psychological pillow
http://www.wikidata.org/entity/Q1432717,catatonic schizophrenia,mental disorder,http://www.wikidata.org/entity/Q1642611,negativism
http://www.wikidata.org/entity/Q1432717,catatonic schizophrenia,mental disorder,http://www.wikidata.org/entity/Q57769952,catatonic excitement
http://www.wikidata.org/entity/Q1432717,catatonic schizophrenia,mental disorder,http://www.wikidata.org/entity/Q918193,catalepsy
http://www.wikidata.org/entity/Q9334248,cenesthopathic schizophrenia,subtype of schizophrenia in which abnormal bodily sensations dominate,http://www.wikidata.org/entity/Q3919140,cenesthopathy
http://www.wikidata.org/entity/Q3065932,cognitive disorder,"disease of mental health that affects cognitive functions including memory processing, perception and problem solving",http://www.wikidata.org/entity/Q57859955,cognitive dysfunction
http://www.wikidata.org/entity/Q477502,complex post-traumatic stress disorder,A variant of post-traumatic stress disorder typically caused by ongoing abuse or stressful environment,http://www.wikidata.org/entity/Q154430,anxiety
http://www.wikidata.org/entity/Q477502,complex post-traumatic stress disorder,A variant of post-traumatic stress disorder typically caused by ongoing abuse or stressful environment,http://www.wikidata.org/entity/Q1640582,fight-or-flight response
http://www.wikidata.org/entity/Q477502,complex post-traumatic stress disorder,A variant of post-traumatic stress disorder typically caused by ongoing abuse or stressful environment,http://www.wikidata.org/entity/Q192692,nightmare
http://www.wikidata.org/entity/Q477502,complex post-traumatic stress disorder,A variant of post-traumatic stress disorder typically caused by ongoing abuse or stressful environment,http://www.wikidata.org/entity/Q3316140,emotional dysregulation
http://www.wikidata.org/entity/Q477502,complex post-traumatic stress disorder,A variant of post-traumatic stress disorder typically caused by ongoing abuse or stressful environment,http://www.wikidata.org/entity/Q1938569,flashback
http://www.wikidata.org/entity/Q477502,complex post-traumatic stress disorder,A variant of post-traumatic stress disorder typically caused by ongoing abuse or stressful environment,http://www.wikidata.org/entity/Q2723947,somatization
http://www.wikidata.org/entity/Q5160418,congenital disorder of glycosylation type IIc,genetic disease,http://www.wikidata.org/entity/Q183560,intellectual disability
http://www.wikidata.org/entity/Q5160418,congenital disorder of glycosylation type IIc,genetic disease,http://www.wikidata.org/entity/Q194101,dwarfism
http://www.wikidata.org/entity/Q5160418,congenital disorder of glycosylation type IIc,genetic disease,http://www.wikidata.org/entity/Q545403,hh blood group
http://www.wikidata.org/entity/Q5160418,congenital disorder of glycosylation type IIc,genetic disease,http://www.wikidata.org/entity/Q166231,infection
http://www.wikidata.org/entity/Q1428295,copropraxia,,http://www.wikidata.org/entity/Q31110,obscenity
http://www.wikidata.org/entity/Q160796,delirium,"severe confusion that develops quickly, and often fluctuates in intensity, neurocognitive disorder",http://www.wikidata.org/entity/Q3030775,distraction
http://www.wikidata.org/entity/Q160796,delirium,"severe confusion that develops quickly, and often fluctuates in intensity, neurocognitive disorder",http://www.wikidata.org/entity/Q3072083,memory disorder
http://www.wikidata.org/entity/Q160796,delirium,"severe confusion that develops quickly, and often fluctuates in intensity, neurocognitive disorder",http://www.wikidata.org/entity/Q1895873,disorientation
http://www.wikidata.org/entity/Q160796,delirium,"severe confusion that develops quickly, and often fluctuates in intensity, neurocognitive disorder",http://www.wikidata.org/entity/Q1188698,thought disorder
http://www.wikidata.org/entity/Q160796,delirium,"severe confusion that develops quickly, and often fluctuates in intensity, neurocognitive disorder",http://www.wikidata.org/entity/Q177190,sleep disorder
http://www.wikidata.org/entity/Q160796,delirium,"severe confusion that develops quickly, and often fluctuates in intensity, neurocognitive disorder",http://www.wikidata.org/entity/Q1282114,speech disorder
http://www.wikidata.org/entity/Q160796,delirium,"severe confusion that develops quickly, and often fluctuates in intensity, neurocognitive disorder",http://www.wikidata.org/entity/Q170082,psychosis
http://www.wikidata.org/entity/Q160796,delirium,"severe confusion that develops quickly, and often fluctuates in intensity, neurocognitive disorder",http://www.wikidata.org/entity/Q28455110,emotional lability
http://www.wikidata.org/entity/Q209647,delirium tremens,rapid onset of confusion caused by alcohol withdrawal,http://www.wikidata.org/entity/Q397554,agrypnia excitata
http://www.wikidata.org/entity/Q721073,delusional disorder,mental disease,http://www.wikidata.org/entity/Q189643,delusion
http://www.wikidata.org/entity/Q1200256,delusional parasitosis,mental disorder,http://www.wikidata.org/entity/Q105434,hypochondriasis
http://www.wikidata.org/entity/Q1200256,delusional parasitosis,mental disorder,http://www.wikidata.org/entity/Q189643,delusion
http://www.wikidata.org/entity/Q1200256,delusional parasitosis,mental disorder,http://www.wikidata.org/entity/Q199602,itch
http://www.wikidata.org/entity/Q1200256,delusional parasitosis,mental disorder,http://www.wikidata.org/entity/Q939378,abrasion
http://www.wikidata.org/entity/Q11076418,depressive disorder,affective disorder manifested by either a dysphoric mood or loss of interest or pleasure in usual activities,http://www.wikidata.org/entity/Q5419936,executive dysfunction
http://www.wikidata.org/entity/Q11076418,depressive disorder,affective disorder manifested by either a dysphoric mood or loss of interest or pleasure in usual activities,http://www.wikidata.org/entity/Q9690,fatigue
http://www.wikidata.org/entity/Q11076418,depressive disorder,affective disorder manifested by either a dysphoric mood or loss of interest or pleasure in usual activities,http://www.wikidata.org/entity/Q290620,dysphoria
http://www.wikidata.org/entity/Q1046055,depressive syndrome,,http://www.wikidata.org/entity/Q1997867,hypothymia
http://www.wikidata.org/entity/Q132971,dyslexia,specific learning disability characterized by troubles with reading,http://www.wikidata.org/entity/Q17077617,reading disorder and écrites disorder
http://www.wikidata.org/entity/Q912344,ego-dystonic sexual orientation,Human disease,http://www.wikidata.org/entity/Q255241,anxious
http://www.wikidata.org/entity/Q862872,fatal familial insomnia,Prion disease of the human brain,http://www.wikidata.org/entity/Q130741,hallucination
http://www.wikidata.org/entity/Q862872,fatal familial insomnia,Prion disease of the human brain,http://www.wikidata.org/entity/Q397554,agrypnia excitata
http://www.wikidata.org/entity/Q862872,fatal familial insomnia,Prion disease of the human brain,http://www.wikidata.org/entity/Q41861,arterial hypertension
http://www.wikidata.org/entity/Q862872,fatal familial insomnia,Prion disease of the human brain,http://www.wikidata.org/entity/Q38933,fever
http://www.wikidata.org/entity/Q862872,fatal familial insomnia,Prion disease of the human brain,http://www.wikidata.org/entity/Q1869874,insomnia
http://www.wikidata.org/entity/Q862872,fatal familial insomnia,Prion disease of the human brain,http://www.wikidata.org/entity/Q696490,panic attack
http://www.wikidata.org/entity/Q862872,fatal familial insomnia,Prion disease of the human brain,http://www.wikidata.org/entity/Q175854,phobia
http://www.wikidata.org/entity/Q862872,fatal familial insomnia,Prion disease of the human brain,http://www.wikidata.org/entity/Q845224,generalized anxiety disorder
http://www.wikidata.org/entity/Q862872,fatal familial insomnia,Prion disease of the human brain,http://www.wikidata.org/entity/Q332154,ageing
http://www.wikidata.org/entity/Q862872,fatal familial insomnia,Prion disease of the human brain,http://www.wikidata.org/entity/Q83030,dementia
http://www.wikidata.org/entity/Q21504884,fentanyl toxicity,overdose of fentanyl,http://www.wikidata.org/entity/Q1529977,muscle rigidity
http://www.wikidata.org/entity/Q21504884,fentanyl toxicity,overdose of fentanyl,http://www.wikidata.org/entity/Q857667,pulmonary edema
http://www.wikidata.org/entity/Q21504884,fentanyl toxicity,overdose of fentanyl,http://www.wikidata.org/entity/Q16873382,wooden chest
http://www.wikidata.org/entity/Q21504884,fentanyl toxicity,overdose of fentanyl,http://www.wikidata.org/entity/Q21504931,gastric hypomotility
http://www.wikidata.org/entity/Q21504884,fentanyl toxicity,overdose of fentanyl,http://www.wikidata.org/entity/Q105688,hypoxia
http://www.wikidata.org/entity/Q21504884,fentanyl toxicity,overdose of fentanyl,http://www.wikidata.org/entity/Q596899,miosis
http://www.wikidata.org/entity/Q21504884,fentanyl toxicity,overdose of fentanyl,http://www.wikidata.org/entity/Q217111,bradycardia
http://www.wikidata.org/entity/Q21504884,fentanyl toxicity,overdose of fentanyl,http://www.wikidata.org/entity/Q178061,shock
http://www.wikidata.org/entity/Q21504884,fentanyl toxicity,overdose of fentanyl,http://www.wikidata.org/entity/Q738153,ileus
http://www.wikidata.org/entity/Q21504884,fentanyl toxicity,overdose of fentanyl,http://www.wikidata.org/entity/Q574360,spasm
http://www.wikidata.org/entity/Q21504884,fentanyl toxicity,overdose of fentanyl,http://www.wikidata.org/entity/Q11820606,eye irritation
http://www.wikidata.org/entity/Q21504884,fentanyl toxicity,overdose of fentanyl,http://www.wikidata.org/entity/Q5062120,central nervous system depression
http://www.wikidata.org/entity/Q21504884,fentanyl toxicity,overdose of fentanyl,http://www.wikidata.org/entity/Q1641494,hypoventilation
http://www.wikidata.org/entity/Q21504884,fentanyl toxicity,overdose of fentanyl,http://www.wikidata.org/entity/Q275419,hypotension
http://www.wikidata.org/entity/Q21504884,fentanyl toxicity,overdose of fentanyl,http://www.wikidata.org/entity/Q185089,acidosis
http://www.wikidata.org/entity/Q21504884,fentanyl toxicity,overdose of fentanyl,http://www.wikidata.org/entity/Q18558125,intracranial hypertension
http://www.wikidata.org/entity/Q21504884,fentanyl toxicity,overdose of fentanyl,http://www.wikidata.org/entity/Q9690,fatigue
http://www.wikidata.org/entity/Q21504884,fentanyl toxicity,overdose of fentanyl,http://www.wikidata.org/entity/Q3774744,respiratory arrest
http://www.wikidata.org/entity/Q21504884,fentanyl toxicity,overdose of fentanyl,http://www.wikidata.org/entity/Q159557,coma
http://www.wikidata.org/entity/Q18592,frontotemporal dementia,medical condition,http://www.wikidata.org/entity/Q1150070,change
http://www.wikidata.org/entity/Q18592,frontotemporal dementia,medical condition,http://www.wikidata.org/entity/Q1815366,behavioral disorder
http://www.wikidata.org/entity/Q18592,frontotemporal dementia,medical condition,http://www.wikidata.org/entity/Q567576,anomic aphasia
http://www.wikidata.org/entity/Q18592,frontotemporal dementia,medical condition,http://www.wikidata.org/entity/Q18767,primary progressive aphasia
http://www.wikidata.org/entity/Q18592,frontotemporal dementia,medical condition,http://www.wikidata.org/entity/Q83030,dementia
http://www.wikidata.org/entity/Q18592,frontotemporal dementia,medical condition,http://www.wikidata.org/entity/Q10469820,language disorder
http://www.wikidata.org/entity/Q18592,frontotemporal dementia,medical condition,http://www.wikidata.org/entity/Q3072083,memory disorder
http://www.wikidata.org/entity/Q18592,frontotemporal dementia,medical condition,http://www.wikidata.org/entity/Q16342771,motor disorder
http://www.wikidata.org/entity/Q1010522,gymnophobia,phobia for naked bodies,http://www.wikidata.org/entity/Q11460,clothing
http://www.wikidata.org/entity/Q18558272,heroin dependence,opiate dependence that involves the continued use of heroin despite problems related to use of the substance,http://www.wikidata.org/entity/Q4340209,mental depression
http://www.wikidata.org/entity/Q18558272,heroin dependence,opiate dependence that involves the continued use of heroin despite problems related to use of the substance,http://www.wikidata.org/entity/Q57859955,cognitive dysfunction
http://www.wikidata.org/entity/Q18558272,heroin dependence,opiate dependence that involves the continued use of heroin despite problems related to use of the substance,http://www.wikidata.org/entity/Q720026,brain damage
http://www.wikidata.org/entity/Q18558272,heroin dependence,opiate dependence that involves the continued use of heroin despite problems related to use of the substance,http://www.wikidata.org/entity/Q4420149,withdrawal symptom
http://www.wikidata.org/entity/Q2996866,human coprophagia,"psychiatric symptom, rare aberrant human behavior involving consumption of excrement",http://www.wikidata.org/entity/Q320011,coprophagia
http://www.wikidata.org/entity/Q18554800,"hypertelorism, microtia, facial clefting syndrome","autosomal recessive disease that is characterized by the combination of hypertelorism, cleft lip and palate and microtia",http://www.wikidata.org/entity/Q1759560,microtia
http://www.wikidata.org/entity/Q18554800,"hypertelorism, microtia, facial clefting syndrome","autosomal recessive disease that is characterized by the combination of hypertelorism, cleft lip and palate and microtia",http://www.wikidata.org/entity/Q1641128,hypertelorism
http://www.wikidata.org/entity/Q18554800,"hypertelorism, microtia, facial clefting syndrome","autosomal recessive disease that is characterized by the combination of hypertelorism, cleft lip and palate and microtia",http://www.wikidata.org/entity/Q222634,cleft lip and cleft palate
http://www.wikidata.org/entity/Q192579,jet lag,physiological condition caused by travel across time zones,http://www.wikidata.org/entity/Q177190,sleep disorder
http://www.wikidata.org/entity/Q192579,jet lag,physiological condition caused by travel across time zones,http://www.wikidata.org/entity/Q86,headache
http://www.wikidata.org/entity/Q192579,jet lag,physiological condition caused by travel across time zones,http://www.wikidata.org/entity/Q29299,irritability
http://www.wikidata.org/entity/Q192579,jet lag,physiological condition caused by travel across time zones,http://www.wikidata.org/entity/Q9690,fatigue
http://www.wikidata.org/entity/Q274615,kuru,human disease,http://www.wikidata.org/entity/Q86,headache
http://www.wikidata.org/entity/Q274615,kuru,human disease,http://www.wikidata.org/entity/Q683498,arthralgia
http://www.wikidata.org/entity/Q274615,kuru,human disease,http://www.wikidata.org/entity/Q10916362,dizziness
http://www.wikidata.org/entity/Q274615,kuru,human disease,http://www.wikidata.org/entity/Q223907,tremor
http://www.wikidata.org/entity/Q274615,kuru,human disease,http://www.wikidata.org/entity/Q775940,diplopia
http://www.wikidata.org/entity/Q274615,kuru,human disease,http://www.wikidata.org/entity/Q1282114,speech disorder
http://www.wikidata.org/entity/Q274615,kuru,human disease,http://www.wikidata.org/entity/Q179951,strabismus
http://www.wikidata.org/entity/Q274615,kuru,human disease,http://www.wikidata.org/entity/Q42844,major depressive disorder
http://www.wikidata.org/entity/Q274615,kuru,human disease,http://www.wikidata.org/entity/Q12174,obesity
http://www.wikidata.org/entity/Q274615,kuru,human disease,http://www.wikidata.org/entity/Q7933601,mood swing
http://www.wikidata.org/entity/Q274615,kuru,human disease,http://www.wikidata.org/entity/Q270421,muscle weakness
http://www.wikidata.org/entity/Q274615,kuru,human disease,http://www.wikidata.org/entity/Q308978,pressure ulcer
http://www.wikidata.org/entity/Q274615,kuru,human disease,http://www.wikidata.org/entity/Q83030,dementia
http://www.wikidata.org/entity/Q42844,major depressive disorder,"all-encompassing low mood accompanied by low self-esteem, and by loss of interest or pleasure in normally enjoyable activities",http://www.wikidata.org/entity/Q9690,fatigue
http://www.wikidata.org/entity/Q42844,major depressive disorder,"all-encompassing low mood accompanied by low self-esteem, and by loss of interest or pleasure in normally enjoyable activities",http://www.wikidata.org/entity/Q290620,dysphoria
http://www.wikidata.org/entity/Q42844,major depressive disorder,"all-encompassing low mood accompanied by low self-esteem, and by loss of interest or pleasure in normally enjoyable activities",http://www.wikidata.org/entity/Q5419936,executive dysfunction
http://www.wikidata.org/entity/Q42844,major depressive disorder,"all-encompassing low mood accompanied by low self-esteem, and by loss of interest or pleasure in normally enjoyable activities",http://www.wikidata.org/entity/Q4340209,mental depression
http://www.wikidata.org/entity/Q18966903,manic episode,"mood disorder, characterised by a persistent elevation of mood (single manic episode)",http://www.wikidata.org/entity/Q1276947,exaltation
http://www.wikidata.org/entity/Q18553279,meningovascular neurosyphilis,Human disease,http://www.wikidata.org/entity/Q270421,muscle weakness
http://www.wikidata.org/entity/Q18553279,meningovascular neurosyphilis,Human disease,http://www.wikidata.org/entity/Q3072083,memory disorder
http://www.wikidata.org/entity/Q18553279,meningovascular neurosyphilis,Human disease,http://www.wikidata.org/entity/Q1869874,insomnia
http://www.wikidata.org/entity/Q18553279,meningovascular neurosyphilis,Human disease,http://www.wikidata.org/entity/Q107231,paralysis
http://www.wikidata.org/entity/Q4340209,mental depression,"state of low mood and aversion to activity, which can affect a person's thoughts, behavior, motivation, feelings, and sense of well-being",http://www.wikidata.org/entity/Q290620,dysphoria
http://www.wikidata.org/entity/Q4340209,mental depression,"state of low mood and aversion to activity, which can affect a person's thoughts, behavior, motivation, feelings, and sense of well-being",http://www.wikidata.org/entity/Q9690,fatigue
http://www.wikidata.org/entity/Q4340209,mental depression,"state of low mood and aversion to activity, which can affect a person's thoughts, behavior, motivation, feelings, and sense of well-being",http://www.wikidata.org/entity/Q5419936,executive dysfunction
http://www.wikidata.org/entity/Q1120682,metachromatic leukodystrophy,human disease,http://www.wikidata.org/entity/Q83030,dementia
http://www.wikidata.org/entity/Q1860507,myotonic dystrophy,long term genetic disorder that affects muscle function,http://www.wikidata.org/entity/Q767485,respiratory failure
http://www.wikidata.org/entity/Q1860507,myotonic dystrophy,long term genetic disorder that affects muscle function,http://www.wikidata.org/entity/Q189331,heart arrhythmia
http://www.wikidata.org/entity/Q1860507,myotonic dystrophy,long term genetic disorder that affects muscle function,http://www.wikidata.org/entity/Q270421,muscle weakness
http://www.wikidata.org/entity/Q1860507,myotonic dystrophy,long term genetic disorder that affects muscle function,http://www.wikidata.org/entity/Q127724,cataract
http://www.wikidata.org/entity/Q1860507,myotonic dystrophy,long term genetic disorder that affects muscle function,http://www.wikidata.org/entity/Q3749492,sterility
http://www.wikidata.org/entity/Q1860507,myotonic dystrophy,long term genetic disorder that affects muscle function,http://www.wikidata.org/entity/Q1557686,muscle atrophy
http://www.wikidata.org/entity/Q1860507,myotonic dystrophy,long term genetic disorder that affects muscle function,http://www.wikidata.org/entity/Q847583,cardiomyopathy
http://www.wikidata.org/entity/Q1860507,myotonic dystrophy,long term genetic disorder that affects muscle function,http://www.wikidata.org/entity/Q623289,dysphagia
http://www.wikidata.org/entity/Q746781,neuroacanthocytosis,Neuroacanthocytosis (NA) syndromes are a group of genetic diseases characterized by the association of red blood cell acanthocytosis (deformed erythrocytes with spike-like protrusions) and progressive degeneration of the basal ganglia,http://www.wikidata.org/entity/Q415844,acanthocyte
http://www.wikidata.org/entity/Q19000444,neurotic disorder,anxiety disorder that involves distress but neither delusions nor hallucinations,http://www.wikidata.org/entity/Q130741,hallucination
http://www.wikidata.org/entity/Q1712213,normal pressure hydrocephalus,"condition in which there is excess cerebrospinal fluid in the ventricles, and with normal or slightly elevated cerebrospinal fluid pressure",http://www.wikidata.org/entity/Q827017,gait abnormality
http://www.wikidata.org/entity/Q1712213,normal pressure hydrocephalus,"condition in which there is excess cerebrospinal fluid in the ventricles, and with normal or slightly elevated cerebrospinal fluid pressure",http://www.wikidata.org/entity/Q281490,urinary incontinence
http://www.wikidata.org/entity/Q1712213,normal pressure hydrocephalus,"condition in which there is excess cerebrospinal fluid in the ventricles, and with normal or slightly elevated cerebrospinal fluid pressure",http://www.wikidata.org/entity/Q4736316,altered level of consciousness
http://www.wikidata.org/entity/Q178190,obsessive-compulsive disorder,"anxiety disorder that involves unwanted and repeated thoughts, feelings, ideas, sensations (obsessions), or behaviors that make them feel driven to do something (compulsions)",http://www.wikidata.org/entity/Q1671614,intrusive thought
http://www.wikidata.org/entity/Q178190,obsessive-compulsive disorder,"anxiety disorder that involves unwanted and repeated thoughts, feelings, ideas, sensations (obsessions), or behaviors that make them feel driven to do something (compulsions)",http://www.wikidata.org/entity/Q154430,anxiety
http://www.wikidata.org/entity/Q178190,obsessive-compulsive disorder,"anxiety disorder that involves unwanted and repeated thoughts, feelings, ideas, sensations (obsessions), or behaviors that make them feel driven to do something (compulsions)",http://www.wikidata.org/entity/Q6048309,obsession
http://www.wikidata.org/entity/Q178190,obsessive-compulsive disorder,"anxiety disorder that involves unwanted and repeated thoughts, feelings, ideas, sensations (obsessions), or behaviors that make them feel driven to do something (compulsions)",http://www.wikidata.org/entity/Q266332,compulsive behavior
http://www.wikidata.org/entity/Q741713,panic disorder,Anxiety disorder characterized by reoccurring unexpected panic attacks,http://www.wikidata.org/entity/Q1123260,palpitation
http://www.wikidata.org/entity/Q741713,panic disorder,Anxiety disorder characterized by reoccurring unexpected panic attacks,http://www.wikidata.org/entity/Q696490,panic attack
http://www.wikidata.org/entity/Q1229994,paranoia,"thought process believed to be heavily influenced by anxiety or fear, often to the point of delusion and irrationality",http://www.wikidata.org/entity/Q69901129,Paranoid Behavior
http://www.wikidata.org/entity/Q3043345,paranoid psychosis,,http://www.wikidata.org/entity/Q3043347,paranoid delusion
http://www.wikidata.org/entity/Q2606101,paranoid schizophrenia,"schizophrenia that involves delusions or auditory hallucinations of persecution or being plotted against without thought disorder, disorganized behavior, or affective flattening",http://www.wikidata.org/entity/Q130741,hallucination
http://www.wikidata.org/entity/Q18553278,parenchymatous neurosyphilis,Human disease,http://www.wikidata.org/entity/Q29299,irritability
http://www.wikidata.org/entity/Q18553278,parenchymatous neurosyphilis,Human disease,http://www.wikidata.org/entity/Q1869874,insomnia
http://www.wikidata.org/entity/Q18553278,parenchymatous neurosyphilis,Human disease,http://www.wikidata.org/entity/Q15637420,lethargy
http://www.wikidata.org/entity/Q13038909,periodic limb movement disorder,sleep disorder that involves involuntary limb movement during sleep,http://www.wikidata.org/entity/Q445036,periodic limb movement
http://www.wikidata.org/entity/Q6029027,peroxisome biogenesis disorder type 3B,Human disease,http://www.wikidata.org/entity/Q1260186,hepatosplenomegaly
http://www.wikidata.org/entity/Q1134891,pica,eating disorder,http://www.wikidata.org/entity/Q213449,eating
http://www.wikidata.org/entity/Q2581333,post-concussion syndrome,organic brain syndrome that occurs following head trauma (i.e. concussion),http://www.wikidata.org/entity/Q10916362,dizziness
http://www.wikidata.org/entity/Q2581333,post-concussion syndrome,organic brain syndrome that occurs following head trauma (i.e. concussion),http://www.wikidata.org/entity/Q86,headache
http://www.wikidata.org/entity/Q2581333,post-concussion syndrome,organic brain syndrome that occurs following head trauma (i.e. concussion),http://www.wikidata.org/entity/Q29299,irritability
http://www.wikidata.org/entity/Q202387,post-traumatic stress disorder,mental disorder that developed after experiencing or witnessig a terrifying or life-threatening event,http://www.wikidata.org/entity/Q58490799,chronic postsurgical or post traumatic pain
http://www.wikidata.org/entity/Q202387,post-traumatic stress disorder,mental disorder that developed after experiencing or witnessig a terrifying or life-threatening event,http://www.wikidata.org/entity/Q154430,anxiety
http://www.wikidata.org/entity/Q202387,post-traumatic stress disorder,mental disorder that developed after experiencing or witnessig a terrifying or life-threatening event,http://www.wikidata.org/entity/Q192692,nightmare
http://www.wikidata.org/entity/Q7235099,potomania,hypo-osmolality syndrome related to massive consumption of beer,http://www.wikidata.org/entity/Q824292,hyponatremia
http://www.wikidata.org/entity/Q2728811,premenstrual dysphoric disorder,depressive disorder,http://www.wikidata.org/entity/Q57859955,cognitive dysfunction
http://www.wikidata.org/entity/Q41112,schizophrenia,psychotic disorder characterized by emotional responsiveness and disintegration of thought process,http://www.wikidata.org/entity/Q170082,psychosis
http://www.wikidata.org/entity/Q41112,schizophrenia,psychotic disorder characterized by emotional responsiveness and disintegration of thought process,http://www.wikidata.org/entity/Q57859955,cognitive dysfunction
http://www.wikidata.org/entity/Q3311944,sleep fragmentation,,http://www.wikidata.org/entity/Q3311991,microarousal
http://www.wikidata.org/entity/Q3508612,sleep hypoventilation syndrome,,http://www.wikidata.org/entity/Q1641494,hypoventilation
http://www.wikidata.org/entity/Q281928,social anxiety disorder,anxiety disorder associated with social situations,http://www.wikidata.org/entity/Q3557657,social anxiety
http://www.wikidata.org/entity/Q21097868,spinocerebellar ataxia type 28,"Spinocerebellar ataxia type 28 (SCA28) is a very rare subtype of type I autosomal dominant cerebellar ataxia (ADCA type I; see this term). It is characterized by juvenile onset, slowly progressive cerebellar ataxia due to Purkinje cell degeneration.",http://www.wikidata.org/entity/Q622427,petoze
http://www.wikidata.org/entity/Q55345782,"spinocerebellar ataxia, autosomal recessive 1",human disease,http://www.wikidata.org/entity/Q906492,dystonia
http://www.wikidata.org/entity/Q55345782,"spinocerebellar ataxia, autosomal recessive 1",human disease,http://www.wikidata.org/entity/Q179951,strabismus
http://www.wikidata.org/entity/Q55345782,"spinocerebellar ataxia, autosomal recessive 1",human disease,http://www.wikidata.org/entity/Q223907,tremor
http://www.wikidata.org/entity/Q55345782,"spinocerebellar ataxia, autosomal recessive 1",human disease,http://www.wikidata.org/entity/Q1076421,choreatic disease
http://www.wikidata.org/entity/Q55345782,"spinocerebellar ataxia, autosomal recessive 1",human disease,http://www.wikidata.org/entity/Q2074059,oculomotor apraxia
http://www.wikidata.org/entity/Q55345782,"spinocerebellar ataxia, autosomal recessive 1",human disease,http://www.wikidata.org/entity/Q945238,peripheral neuropathy
http://www.wikidata.org/entity/Q55345782,"spinocerebellar ataxia, autosomal recessive 1",human disease,http://www.wikidata.org/entity/Q29643762,cerebellar atrophy
http://www.wikidata.org/entity/Q55345782,"spinocerebellar ataxia, autosomal recessive 1",human disease,http://www.wikidata.org/entity/Q154709,cerebellar ataxia
http://www.wikidata.org/entity/Q3054155,spoiled child,derogatory term aimed at children who exhibit behavioral problems from being overindulged by their parents or other caregivers,http://www.wikidata.org/entity/Q3054130,low frustration tolerance
http://www.wikidata.org/entity/Q2845978,stereotypic movement disorder,neurodevelopmental condition,http://www.wikidata.org/entity/Q1198115,stereotypy
http://www.wikidata.org/entity/Q3854684,syphilitic meningitis,Human disease,http://www.wikidata.org/entity/Q101991,inflammation
http://www.wikidata.org/entity/Q2583311,tabes dorsalis,"slow degeneration (specifically, demyelination) of the neural tracts primarily in the dorsal columns (posterior columns) of the spinal cord (the portion closest to the back of the body) and dorsal roots",http://www.wikidata.org/entity/Q1638131,hyperesthesia
http://www.wikidata.org/entity/Q2583311,tabes dorsalis,"slow degeneration (specifically, demyelination) of the neural tracts primarily in the dorsal columns (posterior columns) of the spinal cord (the portion closest to the back of the body) and dorsal roots",http://www.wikidata.org/entity/Q769220,paresthesia
http://www.wikidata.org/entity/Q2583311,tabes dorsalis,"slow degeneration (specifically, demyelination) of the neural tracts primarily in the dorsal columns (posterior columns) of the spinal cord (the portion closest to the back of the body) and dorsal roots",http://www.wikidata.org/entity/Q184674,erectile dysfunction
http://www.wikidata.org/entity/Q1077139,tic disorder,range of neurodevelopmental conditions,http://www.wikidata.org/entity/Q738538,tic
http://www.wikidata.org/entity/Q10701324,trance disorder,a dissociative disorder characterised by trance states,http://www.wikidata.org/entity/Q466475,trance
http://www.wikidata.org/entity/Q3508795,trichorhinophalangeal syndrome type II,Human disease,http://www.wikidata.org/entity/Q7502090,short stature
http://www.wikidata.org/entity/Q583908,vascular dementia,dementia that involves impairments in cognitive function caused by problems in blood vessels that feed the brain,http://www.wikidata.org/entity/Q83030,dementia
